team,season,matches,wins,win_rate,total_runs,total_wickets,avg_sr,avg_econ
Africa XI,2005,2,1,50.0,269,12,37.684090909090905,0.9109090909090909
Africa XI,2007,3,0,0.0,865,22,82.08882352941177,3.8058823529411767
Asia XI,2005,2,0,0.0,180,17,36.96,2.309047619047619
Asia XI,2007,3,3,100.0,920,23,72.09542857142857,3.3794285714285714
Australia,2002/03,17,16,94.12,3677,134,49.39128491620112,2.050223463687151
Australia,2003,6,4,66.67,1187,41,44.6684126984127,2.5063492063492063
Australia,2003/04,16,12,75.0,3777,111,59.44561403508772,2.163450292397661
Australia,2004,8,6,75.0,1589,54,56.255375,2.05675
Australia,2004/05,9,6,66.67,1848,69,53.18364583333334,2.4535416666666667
Australia,2005,7,4,57.14,1496,44,47.276438356164384,2.160958904109589
Australia,2005/06,21,15,71.43,5138,154,55.65610169491526,2.5824152542372882
Australia,2006/07,33,24,72.73,7419,249,55.01073654390935,2.4058356940509915
Australia,2007/08,20,11,55.0,4259,137,52.889095238095244,2.164047619047619
Australia,2008,8,8,100.0,1793,67,54.9735632183908,2.26183908045977
Australia,2008/09,15,5,33.33,3457,91,62.30841463414634,2.746219512195122
Australia,2009,12,9,75.0,2621,87,49.819318181818176,2.550378787878788
Australia,2009/10,26,20,76.92,6251,192,61.01436363636364,2.408981818181818
Australia,2010,6,3,50.0,1464,50,69.05439393939395,2.5707575757575754
Australia,2010/11,18,11,61.11,3913,128,57.45554404145078,2.705699481865285
Australia,2011,8,6,75.0,1742,62,52.569166666666675,2.770238095238095
Australia,2011/12,19,10,52.63,4265,135,61.62298076923077,2.668798076923077
Australia,2012,8,2,25.0,1467,36,59.33914634146342,2.8647560975609756
Australia,2012/13,10,7,70.0,2078,70,50.86711711711712,1.888018018018018
Australia,2013,7,2,28.57,1453,39,63.13054794520548,2.526986301369863
Australia,2013/14,11,6,54.55,3100,64,71.63893442622951,3.0345081967213114
Australia,2014,5,2,40.0,1312,31,72.2219298245614,2.980701754385965
Australia,2014/15,20,17,85.0,4648,162,64.96022831050229,2.7199999999999998
Australia,2015,6,4,66.67,1425,50,60.18893939393939,2.783787878787879
Australia,2015/16,8,5,62.5,2114,54,58.937613636363636,3.2986363636363634
Australia,2016,12,8,66.67,2338,97,59.50107438016529,2.503801652892562
Australia,2016/17,16,8,50.0,4310,124,65.24198863636364,2.8223863636363635
Australia,2017,3,0,0.0,393,22,40.15484848484848,3.3233333333333333
Australia,2017/18,10,2,20.0,2394,66,68.47149122807018,3.0649999999999995
Australia,2018,5,0,0.0,1215,31,74.75446428571429,3.8246428571428575
Australia,2018/19,16,10,62.5,4154,109,63.621942857142855,2.9616
Australia,2019,9,6,66.67,2565,66,75.61309999999999,3.1748000000000003
Australia,2019/20,7,2,28.57,1754,41,64.79263157894736,3.412894736842105
Australia,2020,3,2,66.67,764,24,74.10151515151514,3.01
Australia,2020/21,3,2,66.67,1007,22,79.71000000000001,3.416363636363636
Australia,2021,3,2,66.67,559,25,59.363125000000004,2.02
Australia,2021/22,3,1,33.33,833,15,70.87878787878788,3.6515151515151514
Australia,2022,11,7,63.64,2196,86,57.75544715447155,2.4813008130081298
Australia,2022/23,6,5,83.33,1441,51,61.099242424242426,2.248939393939394
Australia,2023/24,21,14,66.67,5270,163,72.45181434599156,2.884092827004219
Australia,2024,5,3,60.0,1110,38,60.84267857142857,3.974107142857143
Australia,2024/25,3,1,33.33,456,12,60.79333333333334,2.994545454545454
Bangladesh,2002/03,5,0,0.0,566,26,39.25018518518518,2.786111111111111
Bangladesh,2003,6,0,0.0,928,17,50.52121212121212,2.6324242424242428
Bangladesh,2003/04,4,0,0.0,568,14,41.95711111111111,2.8417777777777777
Bangladesh,2004,6,0,0.0,772,22,48.572923076923075,2.311230769230769
Bangladesh,2004/05,5,1,20.0,903,29,54.69481481481481,2.8537037037037036
Bangladesh,2005,6,1,16.67,1112,21,48.711969696969696,2.820909090909091
Bangladesh,2005/06,6,1,16.67,972,32,45.80014492753623,2.6900000000000004
Bangladesh,2006,4,4,100.0,621,35,38.446976744186045,1.916279069767442
Bangladesh,2006/07,16,8,50.0,2538,90,45.99155555555555,2.4491666666666667
Bangladesh,2007,5,0,0.0,859,32,52.35964285714285,2.4460714285714285
Bangladesh,2007/08,11,0,0.0,1831,38,47.18140495867768,3.5232231404958676
Bangladesh,2008,10,1,10.0,1661,52,46.35590909090909,2.922727272727273
Bangladesh,2008/09,4,2,50.0,590,32,37.97590909090909,2.4411363636363634
Bangladesh,2009,8,7,87.5,1945,58,64.55413793103449,2.8704597701149424
Bangladesh,2009/10,15,4,26.67,3052,86,58.82591463414634,3.180365853658537
Bangladesh,2010,7,2,28.57,1359,40,55.893896103896104,3.0188311688311686
Bangladesh,2010/11,14,10,71.43,2469,96,48.21245161290323,2.2920645161290323
Bangladesh,2011,8,2,25.0,1715,43,50.16863636363637,3.1998863636363635
Bangladesh,2011/12,10,3,30.0,1798,64,48.41827272727273,2.549181818181818
Bangladesh,2012/13,8,4,50.0,1367,49,58.175316455696205,2.699493670886076
Bangladesh,2013,3,1,33.33,702,16,67.00545454545454,2.869393939393939
Bangladesh,2013/14,9,3,33.33,2125,55,64.1558,3.13
Bangladesh,2014,6,0,0.0,814,42,45.19140625,3.2003125
Bangladesh,2014/15,10,7,70.0,2395,73,58.63545454545454,3.184181818181818
Bangladesh,2015,9,7,77.78,1938,70,51.4581443298969,3.0964948453608248
Bangladesh,2015/16,3,3,100.0,745,27,68.59333333333333,2.0148484848484847
Bangladesh,2016/17,9,2,22.22,1878,62,53.432323232323235,3.267171717171717
Bangladesh,2017,8,3,37.5,1764,33,50.50595238095238,2.992142857142857
Bangladesh,2017/18,8,3,37.5,1522,47,55.39574712643679,3.1029885057471263
Bangladesh,2018,7,4,57.14,1672,46,63.569873417721524,2.511645569620253
Bangladesh,2018/19,9,5,55.56,2000,52,47.873900000000006,2.9901
Bangladesh,2019,14,6,42.86,3438,95,63.646903225806454,3.2399354838709677
Bangladesh,2019/20,3,3,100.0,941,25,64.8039393939394,2.7624242424242422
Bangladesh,2020/21,6,3,50.0,1029,38,46.25703125,2.79765625
Bangladesh,2021,6,5,83.33,1410,50,54.139558823529406,2.605294117647059
Bangladesh,2021/22,3,2,66.67,625,21,52.26,2.9315625
Bangladesh,2022,6,4,66.67,1219,43,41.74764705882353,2.2095588235294117
Bangladesh,2022/23,9,5,55.56,1955,69,63.68563829787234,2.487978723404255
Bangladesh,2023,10,3,30.0,1913,58,57.32435185185185,2.5388888888888888
Bangladesh,2023/24,14,4,28.57,3103,82,62.35083870967741,3.1241935483870966
Bangladesh,2024/25,3,0,0.0,798,13,55.72545454545455,3.7081818181818185
Bermuda,2006/07,8,1,12.5,1010,43,54.046551724137935,2.87816091954023
Bermuda,2007/08,3,0,0.0,477,17,43.47787878787879,2.243333333333333
Bermuda,2008,1,1,100.0,178,7,59.50181818181818,3.203636363636363
Canada,2002/03,6,1,16.67,873,30,39.34522388059702,2.8776119402985074
Canada,2006/07,7,3,42.86,1241,52,64.7274025974026,2.810909090909091
Canada,2007/08,2,0,0.0,388,10,72.19272727272727,4.142727272727273
Canada,2008,1,0,0.0,169,8,40.18272727272727,2.31
Canada,2009,2,2,100.0,336,19,55.495,1.836666666666667
Canada,2010,2,1,50.0,295,13,36.52181818181818,2.848181818181818
Canada,2010/11,6,1,16.67,963,43,54.622835820895524,3.4440298507462686
Canada,2011,2,0,0.0,352,12,53.07636363636364,3.3009090909090912
Canada,2012/13,1,0,0.0,204,4,34.1109090909091,2.8563636363636364
Canada,2013,2,0,0.0,106,9,18.541304347826088,2.362608695652174
Canada,2013/14,2,0,0.0,352,10,42.91863636363637,4.319545454545454
Canada,2023,4,2,50.0,778,30,55.90577777777777,2.115333333333333
Canada,2023/24,7,4,57.14,1500,47,55.52886075949367,2.611898734177215
Canada,2024,8,4,50.0,1668,59,62.410561797752806,2.4089887640449437
England,2002/03,11,4,36.36,2177,72,56.5472131147541,2.336639344262295
England,2003,9,5,55.56,1426,55,43.93380434782608,1.9278260869565218
England,2003/04,6,3,50.0,790,33,34.83209677419355,1.900806451612903
England,2004,11,6,54.55,2161,75,50.51083333333334,2.1305
England,2004/05,10,4,40.0,1991,74,49.41690909090909,2.4332727272727275
England,2005,6,2,33.33,1007,38,41.467619047619046,2.5273015873015874
England,2005/06,8,3,37.5,1748,53,57.8889010989011,2.769230769230769
England,2006,11,3,27.27,2529,59,66.89966666666666,2.85675
England,2006/07,22,11,50.0,4429,127,51.69942148760331,2.3831404958677687
England,2007,10,5,50.0,2306,70,57.35882882882883,2.668738738738739
England,2007/08,9,3,33.33,1722,54,54.563199999999995,2.6502
England,2008,10,5,50.0,1736,64,49.34831683168317,2.6174257425742575
England,2008/09,10,3,30.0,1945,59,57.232181818181814,3.387
England,2009,10,4,40.0,2129,63,65.57209090909092,2.779
England,2009/10,10,7,70.0,2212,71,56.122727272727275,2.9151818181818183
England,2010,13,8,61.54,3087,96,60.91458333333334,2.825763888888889
England,2010/11,14,4,28.57,3348,87,64.63884615384616,2.7748076923076925
England,2011,11,7,63.64,2208,69,64.36101694915254,2.843305084745763
England,2011/12,9,4,44.44,1974,56,55.492164948453606,2.8030927835051545
England,2012,11,8,72.73,2142,65,45.31821428571429,2.3602678571428575
England,2012/13,8,4,50.0,1750,58,48.64218390804598,2.5195402298850573
England,2013,13,6,46.15,2728,84,62.11189781021898,2.8676642335766425
England,2013/14,8,3,37.5,1969,58,64.19078651685393,2.85438202247191
England,2014,10,4,40.0,1902,66,68.56916666666667,2.605462962962963
England,2014/15,17,5,29.41,3735,104,58.47421621621621,3.098108108108108
England,2015,11,5,45.45,2733,70,76.23615384615384,2.8905982905982905
England,2015/16,9,5,55.56,2424,57,65.8912,2.716
England,2016,10,7,70.0,2525,69,58.78669811320755,2.7055660377358492
England,2016/17,9,6,66.67,2564,69,73.26960396039604,2.8543564356435644
England,2017,14,11,78.57,3383,91,62.18979310344828,2.8391034482758624
England,2017/18,10,7,70.0,2552,68,63.09954954954955,2.8215315315315315
England,2018,8,7,87.5,2335,58,67.21818181818182,3.1076136363636366
England,2018/19,9,5,55.56,1862,45,59.260989010989015,3.3254945054945058
England,2019,16,11,68.75,4239,119,65.33622857142858,3.0226857142857146
England,2019/20,3,1,33.33,491,10,55.56357142857143,3.4010714285714285
England,2020,6,3,50.0,1440,44,62.700606060606056,2.4496969696969697
England,2020/21,3,1,33.33,868,21,70.52794117647058,3.574411764705882
England,2021,6,5,83.33,1103,53,43.75661290322581,2.3383870967741935
England,2022,9,5,55.56,1969,54,59.73389473684211,3.246315789473684
England,2022/23,9,3,33.33,2215,66,68.38475247524752,2.9615841584158416
England,2023,6,4,66.67,1750,38,88.16383333333333,2.6268333333333334
England,2023/24,11,4,36.36,2649,78,81.12918032786885,2.97172131147541
England,2024,5,2,40.0,1324,31,64.86036363636364,3.5205454545454544
England,2024/25,3,1,33.33,761,10,61.35484848484849,4.267272727272727
Hong Kong,2008,2,0,0.0,226,10,37.02478260869565,3.9799999999999995
Hong Kong,2014,1,0,0.0,145,8,49.20272727272727,1.589090909090909
Hong Kong,2015/16,1,1,100.0,281,10,61.01909090909091,2.9400000000000004
Hong Kong,2016,2,0,0.0,324,11,65.572,3.277
Hong Kong,2016/17,5,3,60.0,934,34,40.36925925925926,2.684259259259259
Hong Kong,2017/18,4,1,25.0,600,32,47.08681818181819,2.0270454545454544
Hong Kong,2018,2,0,0.0,358,9,54.966818181818184,3.3413636363636368
ICC World XI,2005/06,2,0,0.0,376,8,63.58625,3.9175
India,2002/03,16,10,62.5,3053,111,44.87505747126437,2.0324712643678158
India,2003,1,0,0.0,37,0,37.97,0.0
India,2003/04,17,7,41.18,4000,104,66.99344632768361,2.937005649717514
India,2004,9,3,33.33,1552,56,50.04677083333333,2.4154166666666668
India,2004/05,6,3,50.0,1552,39,72.10106060606061,3.0816666666666666
India,2005,4,3,75.0,860,29,45.22204545454545,2.423409090909091
India,2005/06,20,15,75.0,4697,147,51.410444444444444,2.4996
India,2006,5,0,0.0,837,23,51.259565217391305,2.4328260869565215
India,2006/07,20,6,30.0,3735,124,49.864976744186045,2.4120000000000004
India,2007,14,9,64.29,3122,82,53.90589743589744,2.829487179487179
India,2007/08,21,10,47.62,4390,117,56.99008928571429,2.803705357142857
India,2008,14,9,64.29,3282,85,54.31318181818182,2.8545454545454545
India,2008/09,15,12,80.0,3771,93,60.479559748427675,3.1662893081761005
India,2009,7,4,57.14,1243,37,46.116176470588236,3.4954411764705884
India,2009/10,22,11,50.0,5180,126,57.9885775862069,3.271293103448276
India,2010,13,6,46.15,2509,81,50.01978723404255,2.5909929078014184
India,2010/11,20,15,75.0,4647,145,52.419822222222216,2.910488888888889
India,2011,10,3,30.0,2180,52,54.18627272727272,2.8866363636363634
India,2011/12,21,14,66.67,5162,141,60.67284482758621,3.1852586206896554
India,2012,5,4,80.0,1225,29,50.61945454545455,3.220909090909091
India,2012/13,8,4,50.0,1696,52,51.20147727272728,2.7140909090909093
India,2013,15,13,86.67,2855,115,50.1412962962963,2.386604938271605
India,2013/14,20,6,30.0,4667,121,56.41637614678899,3.5756880733944953
India,2014,7,5,71.43,1291,48,47.00266666666667,1.9970666666666668
India,2014/15,20,14,70.0,4793,154,57.55367924528302,2.63688679245283
India,2015,6,4,66.67,1476,46,61.72530303030303,2.787878787878788
India,2015/16,10,3,30.0,2779,55,61.93678899082568,3.467706422018349
India,2016,3,3,100.0,404,27,31.786,1.476
India,2016/17,8,5,62.5,2171,59,64.78157303370786,2.8416853932584267
India,2017,15,11,73.33,3579,95,50.67512658227848,2.3012025316455693
India,2017/18,17,13,76.47,4211,122,50.738074866310164,2.411390374331551
India,2018,8,6,75.0,1784,52,44.25784090909091,2.5969318181818184
India,2018/19,18,11,61.11,4396,131,57.074444444444445,2.702070707070707
India,2019,11,8,72.73,2726,80,55.7008547008547,2.5811111111111114
India,2019/20,9,4,44.44,2629,46,69.03858585858586,2.822222222222222
India,2020/21,6,3,50.0,1864,39,70.08235294117648,3.180735294117647
India,2021,3,2,66.67,716,22,59.19558823529412,2.5273529411764706
India,2021/22,6,3,50.0,1432,44,61.88134328358209,2.4338805970149253
India,2022,9,8,88.89,1891,78,51.94177083333333,2.6233333333333335
India,2022/23,18,10,55.56,4263,124,62.27067708333333,2.5883333333333334
India,2023,9,6,66.67,1834,68,49.42845360824742,1.989278350515464
India,2023/24,16,13,81.25,4309,135,65.08396551724138,2.6213793103448277
India,2024,3,0,0.0,552,22,68.14969696969698,2.981212121212121
Ireland,2006,1,0,0.0,231,7,77.35181818181819,2.730909090909091
Ireland,2006/07,9,2,22.22,1320,47,44.0075,2.6661
Ireland,2007,3,0,0.0,361,5,57.300714285714285,2.3607142857142853
Ireland,2008,2,1,50.0,137,7,50.4975,1.7091666666666665
Ireland,2008/09,1,0,0.0,137,8,38.27909090909091,3.060909090909091
Ireland,2009,2,1,50.0,315,15,52.88727272727272,2.23
Ireland,2010,5,2,40.0,792,33,48.548148148148144,2.5338888888888893
Ireland,2010/11,6,2,33.33,1306,39,63.391969696969696,3.1334848484848483
Ireland,2011,3,2,66.67,671,25,80.765,2.523529411764706
Ireland,2011/12,2,1,50.0,413,10,62.427727272727275,2.977727272727273
Ireland,2012,1,0,0.0,35,0,24.476,0.0
Ireland,2013,5,2,40.0,1131,33,60.67148148148148,3.1090740740740737
Ireland,2013/14,1,0,0.0,190,4,53.92818181818182,2.9299999999999997
Ireland,2014,4,2,50.0,721,28,55.09558139534884,2.763255813953488
Ireland,2014/15,7,4,57.14,1759,39,74.78038961038962,3.202727272727273
Ireland,2015,2,0,0.0,189,6,60.44823529411764,1.8958823529411768
Ireland,2015/16,3,1,33.33,630,18,61.766666666666666,2.3945454545454545
Ireland,2016,2,0,0.0,310,13,66.235,3.872272727272727
Ireland,2016/17,4,2,50.0,769,25,51.116046511627914,2.4188372093023256
Ireland,2017,6,0,0.0,891,26,52.37380952380953,3.0733333333333333
Ireland,2017/18,9,7,77.78,2096,76,56.2332,2.3132
Ireland,2019,7,3,42.86,1608,43,66.23448717948718,2.7592307692307694
Ireland,2019/20,3,0,0.0,583,19,65.25727272727273,2.9272727272727272
Ireland,2020,3,1,33.33,677,19,47.88333333333333,3.06
Ireland,2020/21,2,1,50.0,471,12,50.839130434782604,2.4921739130434784
Ireland,2021,9,3,33.33,1772,52,64.04891304347827,1.8797826086956522
Ireland,2021/22,3,2,66.67,580,29,64.46235294117646,2.4670588235294115
Ireland,2022,3,0,0.0,809,19,75.40575757575758,3.1536363636363633
Ireland,2022/23,6,1,16.67,777,28,44.32844827586207,3.519137931034483
Ireland,2023,11,3,27.27,2382,85,73.38146551724138,3.485603448275862
Ireland,2023/24,3,2,66.67,354,23,26.282666666666668,2.3160000000000003
Ireland,2024/25,3,1,33.33,554,22,71.22272727272727,3.0933333333333333
Jersey,2023,4,1,25.0,888,26,53.05,3.2920000000000003
Kenya,2002/03,11,4,36.36,1777,66,47.817083333333336,2.6915
Kenya,2004,2,0,0.0,228,6,25.58318181818182,2.688181818181818
Kenya,2006,3,0,0.0,429,14,38.71545454545454,2.874848484848485
Kenya,2006/07,4,1,25.0,717,25,53.47577777777777,2.602222222222222
Kenya,2007/08,5,5,100.0,916,45,46.654259259259256,2.4166666666666665
Kenya,2008,2,0,0.0,121,3,49.08083333333334,1.2758333333333332
Kenya,2008/09,2,0,0.0,393,13,58.37954545454545,2.973181818181818
Kenya,2009,1,0,0.0,105,1,53.91363636363636,2.9672727272727273
Kenya,2010/11,6,0,0.0,848,21,42.91469696969697,3.1496969696969694
Kenya,2011/12,2,1,50.0,282,17,34.95272727272727,2.8163636363636364
Kenya,2012/13,1,1,100.0,216,8,45.77181818181818,3.174545454545455
Kenya,2013/14,2,1,50.0,490,9,68.67181818181818,2.8495454545454546
Namibia,2002/03,6,0,0.0,755,30,44.76045454545454,3.250151515151515
Namibia,2019,4,3,75.0,788,29,58.438181818181825,2.421136363636364
Namibia,2019/20,3,1,33.33,595,20,51.592424242424244,2.9187878787878785
Namibia,2021/22,6,3,50.0,1418,36,60.118181818181824,2.8006060606060608
Namibia,2022,7,6,85.71,1477,57,54.31116883116883,2.292987012987013
Namibia,2022/23,14,6,42.86,2435,108,51.611464968152866,2.7148407643312105
Namibia,2023,4,2,50.0,835,31,54.70209302325581,2.644186046511628
Namibia,2023/24,4,3,75.0,600,31,54.684318181818185,2.4072727272727272
Namibia,2024,8,2,25.0,1721,50,55.73057471264368,2.841609195402299
Nepal,2018,1,0,0.0,166,8,47.29666666666666,2.379166666666667
Nepal,2018/19,3,2,66.67,572,22,58.587575757575756,1.9375757575757575
Nepal,2019/20,4,2,50.0,625,29,55.909749999999995,2.23825
Nepal,2021,5,4,80.0,858,40,43.144363636363636,2.3876363636363633
Nepal,2021/22,6,2,33.33,1092,47,53.266615384615385,2.8335384615384616
Nepal,2022,8,2,25.0,1357,59,49.70208791208792,2.5326373626373626
Nepal,2022/23,18,12,66.67,3485,120,57.128265306122444,2.794540816326531
Nepal,2023,10,4,40.0,1994,62,56.586756756756756,3.2226126126126124
Nepal,2023/24,7,4,57.14,1298,46,50.784615384615385,2.579487179487179
Nepal,2024,3,0,0.0,503,21,56.81,2.770909090909091
Nepal,2024/25,3,1,33.33,400,18,60.309615384615384,2.168076923076923
Netherlands,2002/03,5,1,20.0,826,36,39.53472727272727,3.176727272727273
Netherlands,2006/07,6,3,50.0,829,37,40.80476923076923,3.116769230769231
Netherlands,2007,1,0,0.0,0,5,0.0,1.87
Netherlands,2008,1,0,0.0,107,4,23.70818181818182,2.205454545454545
Netherlands,2010,1,0,0.0,110,1,32.89363636363637,5.119090909090909
Netherlands,2010/11,6,0,0.0,1123,28,49.571363636363635,3.2783333333333333
Netherlands,2011,1,0,0.0,172,5,53.08090909090909,2.5563636363636366
Netherlands,2013,3,1,33.33,346,18,47.580000000000005,2.2223333333333333
Netherlands,2013/14,2,1,50.0,458,14,49.96318181818182,3.6340909090909093
Netherlands,2019,2,2,100.0,471,14,55.70857142857143,3.105238095238095
Netherlands,2021,5,3,60.0,794,30,43.31035714285714,2.277142857142857
Netherlands,2021/22,4,0,0.0,534,27,49.1,3.228181818181818
Netherlands,2022,9,0,0.0,2003,39,63.77080808080809,3.3962626262626263
Netherlands,2022/23,5,1,20.0,1109,30,68.96745454545454,2.8470909090909093
Netherlands,2023,8,4,50.0,1895,60,62.96977011494253,3.509655172413793
Netherlands,2023/24,12,4,33.33,2143,85,58.66015503875969,3.3807751937984496
Netherlands,2024,4,4,100.0,782,39,53.98386363636364,2.249318181818182
Netherlands,2024/25,4,1,25.0,693,26,52.38288888888889,2.6697777777777776
New Zealand,2002/03,13,9,69.23,2186,97,48.2986524822695,2.3320567375886525
New Zealand,2003,3,3,100.0,397,28,35.40333333333333,1.5969696969696972
New Zealand,2003/04,10,3,30.0,1718,53,40.19231481481482,2.8872222222222224
New Zealand,2004,4,3,75.0,835,30,51.462857142857146,2.2057142857142855
New Zealand,2004/05,5,2,40.0,1040,30,59.69854545454545,2.2809090909090908
New Zealand,2005,2,2,100.0,481,18,49.22391304347826,2.6221739130434782
New Zealand,2005/06,13,7,53.85,2519,89,50.04635135135135,2.2724324324324323
New Zealand,2006/07,28,15,53.57,5931,189,55.20269230769231,2.5729166666666665
New Zealand,2007/08,14,7,50.0,2716,82,52.64375,2.641875
New Zealand,2008,5,3,60.0,941,40,52.771071428571425,2.5698214285714287
New Zealand,2008/09,12,4,33.33,1937,61,50.78758064516129,3.1904032258064516
New Zealand,2009,2,0,0.0,252,11,45.700909090909086,2.4968181818181816
New Zealand,2009/10,16,10,62.5,3561,115,68.2606111111111,2.537888888888889
New Zealand,2010,4,1,25.0,541,29,50.870769230769234,2.451794871794872
New Zealand,2010/11,23,7,30.43,4475,148,60.633223140495865,2.881115702479339
New Zealand,2011/12,9,5,55.56,2374,60,73.60295918367348,3.032448979591837
New Zealand,2012,5,1,20.0,1084,32,62.08660714285714,2.954107142857143
New Zealand,2012/13,10,3,30.0,1893,57,60.58132075471698,2.965471698113207
New Zealand,2013,6,3,50.0,1107,46,50.676,3.2476923076923074
New Zealand,2013/14,15,7,46.67,3225,102,65.7429090909091,3.103030303030303
New Zealand,2014/15,25,16,64.0,5800,181,64.75874524714828,2.945703422053232
New Zealand,2015,11,5,45.45,2898,73,68.66366666666666,3.63775
New Zealand,2015/16,10,7,70.0,2213,74,72.92999999999999,2.5081904761904763
New Zealand,2016/17,18,9,50.0,3969,118,58.86050505050505,2.8141919191919196
New Zealand,2017,7,3,42.86,1849,48,76.04883116883117,2.6449350649350647
New Zealand,2017/18,16,11,68.75,3959,115,67.13568181818181,2.5667613636363638
New Zealand,2018/19,14,8,57.14,3195,102,67.71073333333334,2.6411333333333333
New Zealand,2019,9,5,55.56,1875,72,58.08612244897959,2.8429591836734693
New Zealand,2019/20,4,3,75.0,1045,26,67.33863636363637,2.805454545454545
New Zealand,2020/21,3,3,100.0,685,23,66.38483870967741,2.1093548387096774
New Zealand,2021/22,3,3,100.0,741,29,65.43,2.2275757575757575
New Zealand,2022,10,6,60.0,2354,76,63.32390909090909,2.6784545454545454
New Zealand,2022/23,11,5,45.45,2249,67,51.14956896551725,2.7649137931034486
New Zealand,2023,12,4,33.33,2699,78,63.17387596899225,2.967751937984496
New Zealand,2023/24,12,6,50.0,3035,80,65.98728682170542,3.580852713178295
New Zealand,2024/25,6,2,33.33,1009,37,60.96465517241379,2.472413793103448
Oman,2019,5,3,60.0,772,39,35.75036363636364,2.618363636363636
Oman,2019/20,6,5,83.33,1313,52,57.46714285714285,3.344603174603175
Oman,2021,7,4,57.14,1103,46,52.542957746478876,2.5759154929577464
Oman,2021/22,9,3,33.33,1892,68,55.881919191919195,3.056363636363636
Oman,2022,8,4,50.0,1699,65,54.69719101123596,2.874494382022472
Oman,2023,9,2,22.22,1909,54,52.2462,3.2631
Oman,2024,7,2,28.57,1162,36,49.99184210526316,2.9114473684210527
Oman,2024/25,4,4,100.0,442,36,28.97142857142857,1.695952380952381
Pakistan,2002/03,10,6,60.0,1980,69,63.726699029126216,2.0124271844660195
Pakistan,2003,9,5,55.56,1845,51,52.251428571428576,2.025612244897959
Pakistan,2003/04,13,7,53.85,3051,78,61.792112676056334,2.1952816901408454
Pakistan,2004,7,4,57.14,1180,48,51.821866666666665,2.1822666666666666
Pakistan,2004/05,13,9,69.23,3154,84,63.95109589041096,2.564178082191781
Pakistan,2005,2,2,100.0,475,20,74.53863636363637,2.155
Pakistan,2005/06,13,5,38.46,2919,67,59.64953020134229,2.6200671140939598
Pakistan,2006,5,2,40.0,784,35,42.47924528301887,2.570188679245283
Pakistan,2006/07,15,6,40.0,2898,84,55.24259259259259,2.6439506172839504
Pakistan,2007/08,20,14,70.0,4905,138,63.24159090909091,2.4184090909090905
Pakistan,2008,8,5,62.5,1933,60,59.131264367816094,2.66183908045977
Pakistan,2008/09,5,3,60.0,933,35,53.73672727272727,2.862909090909091
Pakistan,2009,10,4,40.0,2107,57,56.373302752293576,2.42045871559633
Pakistan,2009/10,12,3,25.0,2460,84,58.71555555555556,2.2081481481481484
Pakistan,2010,8,3,37.5,1957,54,70.18934065934066,2.579120879120879
Pakistan,2010/11,19,11,57.89,3900,118,61.4007,2.5655
Pakistan,2011,8,6,75.0,1680,44,46.855294117647055,2.4969411764705884
Pakistan,2011/12,16,10,62.5,3169,114,57.329771428571426,2.3122285714285713
Pakistan,2012,8,2,25.0,1372,44,48.00475,2.2131250000000002
Pakistan,2012/13,8,4,50.0,1672,56,55.44264367816092,2.3922988505747127
Pakistan,2013,14,7,50.0,2917,88,54.13448051948051,2.20512987012987
Pakistan,2013/14,17,8,47.06,3920,114,59.92020942408377,2.731204188481675
Pakistan,2014,3,1,33.33,587,17,64.51818181818182,2.7763636363636364
Pakistan,2014/15,17,6,35.29,3834,108,65.8548404255319,2.8356382978723405
Pakistan,2015,11,5,45.45,2893,53,60.01716666666667,3.26375
Pakistan,2015/16,9,3,33.33,1956,58,54.6614,2.7699000000000003
Pakistan,2016,6,2,33.33,1616,32,67.20424242424244,3.3075757575757576
Pakistan,2016/17,8,4,50.0,2067,53,68.24488636363637,2.8379545454545454
Pakistan,2017,8,6,75.0,1778,59,49.750344827586204,2.8849425287356323
Pakistan,2017/18,10,5,50.0,1892,72,57.414351851851855,2.5533333333333332
Pakistan,2018,9,6,66.67,1962,60,45.68288659793814,2.44319587628866
Pakistan,2018/19,13,3,23.08,3118,59,61.33732394366197,2.719647887323944
Pakistan,2019,12,4,33.33,3102,72,81.07256,3.2933600000000003
Pakistan,2019/20,2,2,100.0,583,17,69.91136363636363,2.6313636363636363
Pakistan,2020/21,3,2,66.67,735,26,78.53764705882354,2.2358823529411764
Pakistan,2021,6,2,33.33,1505,40,68.21121212121211,3.109848484848485
Pakistan,2021/22,3,2,66.67,777,24,52.57266666666666,3.368
Pakistan,2022,6,6,100.0,1497,53,65.89681818181818,2.3622727272727273
Pakistan,2022/23,3,1,33.33,703,24,69.61970588235295,2.731176470588235
Pakistan,2023,10,6,60.0,2318,74,56.3875,3.131388888888889
Pakistan,2023/24,8,4,50.0,1955,63,62.64146067415731,3.0669662921348313
Pakistan,2024/25,9,7,77.78,1824,82,56.1163829787234,2.5790425531914893
Papua New Guinea,2016/17,3,1,33.33,563,22,54.802727272727275,3.0627272727272725
Papua New Guinea,2017,2,1,50.0,357,15,63.15863636363636,3.1127272727272723
Papua New Guinea,2017/18,5,1,20.0,906,33,54.54909090909091,2.702363636363636
Papua New Guinea,2019,9,1,11.11,1617,66,57.922680412371136,2.6610309278350517
Papua New Guinea,2021,8,0,0.0,1148,46,49.46897727272728,2.612727272727273
Papua New Guinea,2021/22,6,3,50.0,1206,36,57.631791044776115,2.885223880597015
Papua New Guinea,2022,8,1,12.5,1285,48,54.98806818181818,2.833636363636364
Papua New Guinea,2022/23,11,3,27.27,1959,64,50.51380165289256,3.220330578512397
Papua New Guinea,2023,4,0,0.0,692,24,55.08,2.8163636363636364
Scotland,2006/07,4,1,25.0,646,19,48.86181818181819,3.2474999999999996
Scotland,2007,2,0,0.0,239,3,54.18705882352941,1.4876470588235293
Scotland,2008,3,1,33.33,271,18,37.969,2.258666666666667
Scotland,2009,2,0,0.0,306,9,49.725,2.7445454545454546
Scotland,2011,1,1,100.0,162,8,32.25818181818182,2.2263636363636365
Scotland,2013,2,0,0.0,330,14,56.35363636363636,2.105909090909091
Scotland,2013/14,2,2,100.0,584,14,76.87681818181818,2.408181818181818
Scotland,2014,4,1,25.0,731,24,58.36931818181818,3.2113636363636364
Scotland,2014/15,6,0,0.0,1137,37,54.84484848484849,3.2278787878787876
Scotland,2016,4,3,75.0,948,31,61.563181818181825,2.985
Scotland,2016/17,2,0,0.0,358,8,51.73545454545455,2.1568181818181817
Scotland,2017,2,1,50.0,463,12,57.91363636363636,3.1122727272727273
Scotland,2017/18,9,3,33.33,1977,69,67.1240404040404,2.722929292929293
Scotland,2019,5,3,60.0,1007,35,61.86125,2.4298214285714286
Scotland,2019/20,3,1,33.33,663,20,52.448787878787876,2.7245454545454546
Scotland,2021,6,4,66.67,1055,40,42.366,2.0235
Scotland,2022,16,11,68.75,3544,118,58.05674285714286,2.6630857142857143
Scotland,2022/23,8,5,62.5,1476,66,53.8543023255814,2.467441860465116
Scotland,2023,7,5,71.43,1668,62,69.00078947368422,3.0006578947368423
Scotland,2023/24,3,1,33.33,511,14,43.75484848484849,2.213939393939394
Scotland,2024,4,3,75.0,725,38,46.90837209302325,1.9486046511627906
Scotland,2024/25,4,2,50.0,578,25,50.947575757575756,2.475757575757576
South Africa,2002/03,6,3,50.0,1242,35,53.700625,2.46171875
South Africa,2003,6,3,50.0,960,32,40.81183333333333,2.198
South Africa,2003/04,9,4,44.44,1748,61,43.372121212121215,2.4104040404040403
South Africa,2004,3,0,0.0,703,14,67.53272727272727,3.2936363636363635
South Africa,2004/05,10,7,70.0,2442,62,66.98236363636364,2.366090909090909
South Africa,2005,2,2,100.0,250,12,40.1155,3.0735
South Africa,2005/06,19,10,52.63,4098,122,55.911658767772515,2.508009478672986
South Africa,2006/07,26,18,69.23,5334,195,47.22900709219858,2.4331560283687943
South Africa,2007,7,5,71.43,1490,41,49.46802631578947,2.7061842105263154
South Africa,2007/08,16,13,81.25,3339,114,46.743620689655174,2.4352298850574714
South Africa,2008,5,0,0.0,637,14,64.03872340425532,2.7817021276595746
South Africa,2008/09,12,9,75.0,2888,93,66.2357142857143,2.616466165413534
South Africa,2009/10,11,5,45.45,2857,74,63.17155737704918,2.859672131147541
South Africa,2010,5,5,100.0,1311,38,64.21907407407407,2.8887037037037038
South Africa,2010/11,20,14,70.0,5090,168,65.8444495412844,2.5276605504587155
South Africa,2011/12,11,7,63.64,2553,79,61.74361344537815,2.71218487394958
South Africa,2012,5,2,40.0,874,28,47.96326086956522,2.659782608695652
South Africa,2012/13,8,4,50.0,1900,60,59.973977272727275,2.5561363636363637
South Africa,2013,9,2,22.22,1743,53,56.311616161616165,2.750808080808081
South Africa,2013/14,11,7,63.64,2605,92,64.00741666666667,2.0415
South Africa,2014,11,9,81.82,2685,97,50.78216666666666,2.5693333333333332
South Africa,2014/15,21,12,57.14,5361,162,60.24951327433628,2.5444247787610617
South Africa,2015,6,3,50.0,1215,34,52.66136363636364,2.796818181818182
South Africa,2015/16,10,6,60.0,2727,78,71.7125,2.8104464285714283
South Africa,2016,6,2,33.33,1116,40,59.88894736842106,2.460175438596491
South Africa,2016/17,16,14,87.5,4297,126,62.42159090909092,2.896590909090909
South Africa,2017,6,2,33.33,1400,33,59.668769230769236,2.5835384615384616
South Africa,2017/18,9,4,44.44,2128,50,65.82909090909091,2.7735353535353533
South Africa,2018,5,3,60.0,1069,40,73.63672727272727,3.086727272727273
South Africa,2018/19,16,13,81.25,3321,124,47.89640000000001,2.348171428571429
South Africa,2019,8,2,25.0,1712,49,61.143125,2.9545000000000003
South Africa,2019/20,6,4,66.67,1358,39,49.03293103448276,2.496896551724138
South Africa,2021,9,3,33.33,2116,64,64.49752577319587,2.8723711340206184
South Africa,2021/22,7,4,57.14,1682,39,58.442702702702704,2.507972972972973
South Africa,2022,3,1,33.33,555,19,55.364444444444445,2.7329629629629633
South Africa,2022/23,10,6,60.0,2561,69,68.04770642201835,2.835137614678899
South Africa,2023/24,17,10,58.82,4544,137,66.9575,2.7396875
South Africa,2024/25,6,2,33.33,1522,52,66.18470588235294,2.7433823529411767
Sri Lanka,2002/03,17,7,41.18,3369,109,50.88434782608695,2.572717391304348
Sri Lanka,2003,4,1,25.0,591,23,51.49431818181818,2.0722727272727273
Sri Lanka,2003/04,4,2,50.0,642,28,43.99023255813953,2.461860465116279
Sri Lanka,2004,10,8,80.0,1826,63,47.79046296296296,2.6232407407407408
Sri Lanka,2004/05,3,2,66.67,570,20,58.10875,2.1934375
Sri Lanka,2005,3,2,66.67,634,20,51.92617647058824,1.8623529411764705
Sri Lanka,2005/06,25,7,28.0,5098,140,55.49829268292683,2.7566202090592333
Sri Lanka,2006,6,5,83.33,1333,33,54.3,3.292181818181818
Sri Lanka,2006/07,24,15,62.5,4988,165,59.08392857142857,2.276904761904762
Sri Lanka,2007,3,3,100.0,525,28,50.51969696969697,1.7687878787878788
Sri Lanka,2007/08,14,3,21.43,2313,85,46.150860927152316,2.410927152317881
Sri Lanka,2008,11,7,63.64,2632,86,64.7427868852459,2.236967213114754
Sri Lanka,2008/09,13,7,53.85,2599,86,57.142042253521126,2.4823239436619717
Sri Lanka,2009,8,5,62.5,1722,60,54.760222222222225,2.4123333333333337
Sri Lanka,2009/10,13,6,46.15,3241,69,62.90753623188406,2.8913768115942027
Sri Lanka,2010,14,9,64.29,2831,90,54.36395833333333,2.3304166666666664
Sri Lanka,2010/11,15,10,66.67,3033,101,54.16745098039216,2.4761437908496733
Sri Lanka,2011,10,4,40.0,1995,57,55.40414414414414,3.0352252252252256
Sri Lanka,2011/12,24,8,33.33,5275,137,60.883003802281365,2.876958174904943
Sri Lanka,2012,10,4,40.0,1943,58,54.24135922330097,2.456893203883495
Sri Lanka,2012/13,12,6,50.0,1686,67,45.043749999999996,2.440892857142857
Sri Lanka,2013,14,8,57.14,2954,96,55.4527397260274,2.4530136986301367
Sri Lanka,2013/14,15,10,66.67,3487,88,62.299390243902444,2.932987804878049
Sri Lanka,2014,12,7,58.33,2449,84,64.21416666666667,2.901060606060606
Sri Lanka,2014/15,25,10,40.0,5920,148,59.340954198473284,3.7043893129770993
Sri Lanka,2015,5,2,40.0,1286,24,71.33454545454546,3.222
Sri Lanka,2015/16,8,4,50.0,1339,40,50.63130952380952,3.8216666666666663
Sri Lanka,2016,11,2,18.18,2678,59,72.19396694214875,3.1325619834710747
Sri Lanka,2016/17,13,4,30.77,2653,69,59.457971014492756,3.025
Sri Lanka,2017,13,3,23.08,2945,68,55.543098591549295,3.383380281690141
Sri Lanka,2017/18,13,4,30.77,2262,72,54.03521126760563,2.661056338028169
Sri Lanka,2018,6,2,33.33,1363,45,74.10272727272726,3.2722727272727274
Sri Lanka,2018/19,13,1,7.69,2533,58,61.51544117647059,3.481691176470588
Sri Lanka,2019,10,6,60.0,2452,56,70.51919642857142,2.7110714285714286
Sri Lanka,2019/20,5,3,60.0,1381,29,68.53160714285714,3.1325
Sri Lanka,2020/21,3,0,0.0,753,11,65.61636363636364,3.082727272727273
Sri Lanka,2021,12,4,33.33,2527,71,62.15878787878787,2.7413636363636367
Sri Lanka,2021/22,3,2,66.67,793,22,80.78575757575757,3.2542424242424244
Sri Lanka,2022,5,3,60.0,1196,37,62.586181818181814,3.322545454545455
Sri Lanka,2022/23,5,0,0.0,782,32,54.36071428571428,3.2807142857142857
Sri Lanka,2023,13,11,84.62,2626,108,51.049214285714285,2.424142857142857
Sri Lanka,2023/24,14,5,35.71,3003,82,56.285490196078435,3.066143790849673
Sri Lanka,2024,3,2,66.67,684,28,60.581818181818186,2.446060606060606
Sri Lanka,2024/25,9,5,55.56,1657,50,55.30747368421053,3.495052631578947
United Arab Emirates,2008,2,0,0.0,333,12,48.60954545454546,3.766818181818182
United Arab Emirates,2014,1,1,100.0,144,9,29.30333333333333,1.5766666666666669
United Arab Emirates,2014/15,6,0,0.0,1133,29,51.2579104477612,3.230597014925373
United Arab Emirates,2015/16,1,0,0.0,200,3,70.0409090909091,3.2
United Arab Emirates,2016,2,0,0.0,432,8,70.17909090909092,3.411363636363636
United Arab Emirates,2016/17,4,2,50.0,687,31,51.79704545454546,2.348863636363636
United Arab Emirates,2017,2,1,50.0,430,16,66.66272727272727,2.3668181818181817
United Arab Emirates,2017/18,9,3,33.33,1921,58,55.4189,2.9948
United Arab Emirates,2018,1,1,100.0,241,9,55.24181818181818,1.5009090909090907
United Arab Emirates,2018/19,3,1,33.33,440,24,59.38515151515151,2.4193939393939394
United Arab Emirates,2019,3,0,0.0,415,13,46.29030303030303,2.6978787878787878
United Arab Emirates,2019/20,6,3,50.0,950,45,47.42370967741935,2.2933870967741936
United Arab Emirates,2020/21,2,1,50.0,370,11,47.11227272727273,2.6645454545454546
United Arab Emirates,2021/22,11,7,63.64,2271,83,47.67319672131148,2.2387704918032787
United Arab Emirates,2022,7,2,28.57,1357,54,56.06473684210526,2.6494736842105264
United Arab Emirates,2022/23,13,4,30.77,2140,89,48.671188811188806,2.838741258741259
United Arab Emirates,2023,16,6,37.5,3368,106,55.468555555555554,3.2002777777777776
United Arab Emirates,2023/24,3,0,0.0,519,15,56.948181818181816,2.566666666666667
United Arab Emirates,2024,4,1,25.0,773,14,50.85227272727273,3.526136363636364
United Arab Emirates,2024/25,4,1,25.0,591,26,44.20704545454545,2.3088636363636366
United States of America,2004,2,0,0.0,170,5,27.93304347826087,2.824347826086956
United States of America,2019,4,3,75.0,654,29,45.970454545454544,2.4672727272727273
United States of America,2019/20,8,3,37.5,1436,56,56.42375,2.495681818181818
United States of America,2021,4,2,50.0,804,31,54.01522727272727,2.915909090909091
United States of America,2022,15,6,40.0,3322,107,54.61621301775148,2.8531360946745563
United States of America,2022/23,4,3,75.0,823,32,56.99739130434783,2.0521739130434784
United States of America,2023,11,4,36.36,2274,75,57.47868852459016,2.7709016393442623
United States of America,2024,8,6,75.0,1820,68,45.48873563218391,2.5980459770114943
United States of America,2024/25,3,1,33.33,619,15,53.485151515151514,2.653939393939394
West Indies,2002/03,5,2,40.0,1085,29,61.121886792452834,2.2647169811320755
West Indies,2003,5,3,60.0,931,35,47.01905660377358,2.6730188679245286
West Indies,2003/04,9,4,44.44,1502,36,47.81662921348315,2.4204494382022474
West Indies,2004,11,9,81.82,1835,77,45.89752136752137,2.0624786324786326
West Indies,2004/05,4,0,0.0,940,22,52.406363636363636,2.631590909090909
West Indies,2005,7,1,14.29,1210,35,59.03910256410256,2.548076923076923
West Indies,2005/06,5,1,20.0,1086,33,57.863389830508474,2.699322033898305
West Indies,2006,9,8,88.89,1864,67,51.63224489795918,1.9601020408163266
West Indies,2006/07,27,13,48.15,5014,158,50.542307692307695,2.5733916083916086
West Indies,2007,4,2,50.0,648,31,52.203421052631576,2.294736842105263
West Indies,2007/08,11,4,36.36,2218,62,55.83330578512397,2.5622314049586774
West Indies,2008,5,0,0.0,933,32,54.75071428571429,3.119285714285714
West Indies,2008/09,9,2,22.22,1653,47,50.182526315789474,2.5812631578947367
West Indies,2009,9,1,11.11,1755,49,67.79978260869565,2.689782608695652
West Indies,2009/10,13,4,30.77,2098,84,57.00791366906475,2.445107913669065
West Indies,2010,5,0,0.0,1137,31,68.99418181818181,3.556363636363636
West Indies,2010/11,10,3,30.0,1979,56,58.292857142857144,2.2374285714285715
West Indies,2011,10,4,40.0,1904,57,47.91710280373832,2.352710280373832
West Indies,2011/12,13,5,38.46,2761,87,55.85472602739726,2.8344520547945202
West Indies,2012,7,4,57.14,1439,50,60.99012987012987,2.7433766233766237
West Indies,2012/13,12,4,33.33,2408,77,55.030687022900764,2.6224427480916033
West Indies,2013,12,4,33.33,2261,78,55.525820895522386,2.890671641791045
West Indies,2013/14,11,5,45.45,2327,70,55.14666666666667,3.4111666666666665
West Indies,2014,3,3,100.0,773,24,64.20878787878787,1.8996969696969697
West Indies,2014/15,15,5,33.33,3405,93,62.87024390243902,3.534817073170732
West Indies,2015/16,3,0,0.0,535,15,71.70727272727274,3.861818181818182
West Indies,2016,7,3,42.86,1443,43,56.779125,2.823625
West Indies,2016/17,10,1,10.0,2061,70,66.604,3.2386363636363638
West Indies,2017,13,2,15.38,2478,53,59.64480916030534,3.4874809160305347
West Indies,2017/18,8,5,62.5,1672,53,58.74397727272728,2.8847727272727273
West Indies,2018,3,1,33.33,754,13,66.98666666666666,2.953030303030303
West Indies,2018/19,12,4,33.33,2841,65,65.59333333333333,3.5174242424242426
West Indies,2019,16,3,18.75,3313,80,57.7839375,3.3223125000000002
West Indies,2019/20,9,4,44.44,2200,69,62.24554455445545,2.9912871287128713
West Indies,2020/21,6,3,50.0,1181,30,53.073181818181816,2.7542424242424244
West Indies,2021,3,1,33.33,417,22,39.56606060606061,2.9072727272727272
West Indies,2021/22,6,1,16.67,1148,44,61.94121212121212,2.6243939393939395
West Indies,2022,15,4,26.67,3092,96,57.873674698795185,3.0443373493975905
West Indies,2022/23,2,1,50.0,545,14,70.40636363636364,4.213636363636364
West Indies,2023,13,7,53.85,2886,86,58.80006849315068,2.6521232876712326
West Indies,2023/24,6,2,33.33,1150,33,59.87761194029851,3.116268656716418
West Indies,2024/25,9,6,66.67,2078,54,54.23082474226805,3.2574226804123714
Zimbabwe,2002/03,12,4,33.33,2272,60,50.9303937007874,2.8396850393700785
Zimbabwe,2003,5,1,20.0,616,22,39.286078431372545,2.5950980392156864
Zimbabwe,2003/04,10,3,30.0,1495,62,38.31283018867924,2.887641509433962
Zimbabwe,2004,7,0,0.0,1183,34,47.28828947368421,2.898026315789474
Zimbabwe,2004/05,11,1,9.09,1775,55,41.69764227642277,3.1188617886178864
Zimbabwe,2005,3,0,0.0,478,21,47.43472222222223,2.2358333333333333
Zimbabwe,2006,6,0,0.0,777,27,36.05439393939394,2.620151515151515
Zimbabwe,2006/07,13,0,0.0,2037,64,43.42356643356643,3.142097902097902
Zimbabwe,2007,3,0,0.0,707,14,61.93588235294118,3.5055882352941174
Zimbabwe,2007/08,8,1,12.5,1700,38,55.95102272727272,3.621022727272727
Zimbabwe,2008/09,8,3,37.5,1229,45,47.11863636363636,2.005227272727273
Zimbabwe,2009,5,1,20.0,1270,26,73.5969642857143,3.338035714285714
Zimbabwe,2009/10,12,2,16.67,1941,61,43.20848484848485,2.713787878787879
Zimbabwe,2010,5,3,60.0,982,16,46.670188679245285,3.435471698113208
Zimbabwe,2010/11,13,3,23.08,2554,58,58.31293706293706,3.2275524475524477
Zimbabwe,2011,8,3,37.5,1618,46,53.560574712643685,2.586896551724138
Zimbabwe,2011/12,6,1,16.67,1331,31,55.52015151515151,3.2819696969696968
Zimbabwe,2012/13,2,0,0.0,357,8,50.375454545454545,3.6827272727272726
Zimbabwe,2013,11,3,27.27,2075,53,46.082750000000004,3.0273333333333334
Zimbabwe,2014,7,1,14.29,1221,41,51.510897435897434,3.1453846153846152
Zimbabwe,2014/15,11,1,9.09,2437,61,64.93672131147541,3.6172131147540982
Zimbabwe,2015,9,1,11.11,1999,40,54.99948453608247,3.5898969072164952
Zimbabwe,2015/16,9,3,33.33,1678,49,58.79970873786408,2.668252427184466
Zimbabwe,2016,3,0,0.0,379,3,44.619375,2.67375
Zimbabwe,2016/17,5,1,20.0,793,16,57.31458333333333,2.5327083333333333
Zimbabwe,2017,7,4,57.14,1573,39,63.157162162162166,3.1713513513513516
Zimbabwe,2017/18,9,3,33.33,1865,63,53.9732,2.2793
Zimbabwe,2018,5,0,0.0,718,13,45.23763636363637,2.8825454545454545
Zimbabwe,2018/19,6,0,0.0,1144,33,55.14439393939394,3.075151515151515
Zimbabwe,2019,8,3,37.5,1527,54,62.72079545454546,2.6964772727272726
Zimbabwe,2019/20,3,0,0.0,663,15,71.99787878787879,3.8033333333333337
Zimbabwe,2020/21,3,0,0.0,705,21,58.23060606060606,3.4527272727272726
Zimbabwe,2021,6,1,16.67,992,37,47.68123076923077,2.8573846153846154
Zimbabwe,2021/22,3,1,33.33,635,20,65.86970588235295,3.685
Zimbabwe,2022,9,3,33.33,1679,44,51.19828282828283,3.4358585858585857
Zimbabwe,2022/23,6,3,50.0,1200,32,72.8698245614035,3.127894736842105
Zimbabwe,2023,7,5,71.43,1907,47,70.39460526315789,3.1096052631578948
Zimbabwe,2023/24,6,0,0.0,733,26,49.67354838709678,2.3117741935483873
Zimbabwe,2024/25,3,1,33.33,534,12,70.80121212121212,2.95030303030303
